COMPANY_ID,COMPANY_NAME,COMPANY_TEL,COMPANY_ADDRESS,COMPANY_HOMEPAGE
2268522656,,,,
1398100044,,,,
3158119977,,,,
1138108888,,,,
1138111573,,,,
1078718122,,,,
1028141121,,,,
1388102807,,,,
5048505367,,,,
3168300631,,,,
2148100998,,,,
1048655679,,,,
1378100581,,,,
3038104113,,,,
1378119265,,,,
6168150527,,,,
2098150974,,,,
1218126209,,,,
1308122624,,,,
1288664645,,,,
3128612761,,,,
1218516465,,,,
3128108961,,,,
3088136279,,,,
2268103739,,,,
3328500547,,,,
1128150137,,,,
2158647751,,,,
1178131135,,,,
2148100777,,,,
3128134848,,,,
3038113534,,,,
1348111003,,,,
2118513155,,,,
3018171749,,,,
5068100017,,,,
1268103725,,,,
2078129548,,,,
2208509219,,,,
1018666838,,,,
2148170045,,,,
1048609535,,,,
1218528165,,,,
1078610346,,,,
2208100490,,,,
2068626655,,,,
2118711485,,,,
2068119445,,,,
1208619205,,,,
1138176066,,,,
1278112644,,,,
1258131344,,,,
1058195096,,,,
1328157003,,,,
1018539163,,,,
1388156069,,,,
6108102842,,,,
21587868662,,,,
2238263472,,,,
1258101234,,,,
2038143780,,,,
1388271301,,,,
4698700985,,,,
2238205429,,,,
3118108065,,,,
1148617065,,,,
6182161929,,,,
6168208292,,,,
2148668729,,,,
2818200212,,,,
1248100998,,,,
3038504159,,,,
1198682289,,,,
1218110385,,,,
3038163280,,,,
2208125680,,,,
1048620001,,,,
3118504465,,,,
1308707926,,,,
5088131063,,,,
2208864630,,,,
6508800365,,,,
1308503213,,,,
2998800194,,,,
4178117256,,,,
1258132038,,,,
1078198139,,,,
1178124916,,,,
5038181952,,,,
1188112107,,,,
1232530362,,,,
1218155266,,,,
3138116805,,,,
1268644226,,,,
6068123552,,,,
1328111633,,,,
1428505441,,,,
3568501141,,,,
2238100596,,,,
1291566781,,,,
1410424844,,,,
4298700823,,,,
3128140035,,,,
1018683593,,,,
1438116021,,,,
1358112039,,,,
5138103220,,,,
1278111136,,,,
1378614611,,,,
3128532718,,,,
1258155332,,,,
3148210024,,,,
4088616016,,,,
1208619151,,,,
1348112962,,,,
2158172880,,,,
1048117480,,,,
1308113936,,,,
1328102037,,,,
2138105876,,,,
1358104956,,,,
1458600516,,,,
8528700135,,,,
1278175727,,,,
8188701186,,,,
5118114871,,,,
7628801065,,,,
2248101297,,,,
1268153846,,,,
2098145210,,,,
2318104012,,,,
2218518313,,,,
4538701029,,,,
1328611598,,,,
1018161162,,,,
1378102333,,,,
1328109710,,,,
1298179700,,,,
1378185896,,,,
2018113413,,,,
1208108950,,,,
6108132540,,,,
3018502460,,,,
3128155595,,,,
2558600981,,,,
3128166321,,,,
1048701412,,,,
3038154286,,,,
1358104785,,,,
1278174126,,,,
1328625530,,,,
1778800064,,,,
1278166892,,,,
3048102554,,,,
3048112353,,,,
2258110052,,,,
2258110969,,,,
1238615926,,,,
2218108909,,,,
3128115972,,,,
2248132446,,,,
1368125876,,,,
1378159646,,,,
1328113908,,,,
1328157513,,,,
1368109503,,,,
3648100882,,,,
1978100977,,,,
1378108735,,,,
5158133088,,,,
1268132458,,,,
6058209189,,,,
1328142742,,,,
1768601237,,,,
1098168363,,,,
6208102136,,,,
1258115077,,,,
1138152458,,,,
1368102247,,,,
1368101345,,,,
1268184577,,,,
4018701412,,,,
2248146616,,,,
1268605674,,,,
4058104404,,,,
1328128890,,,,
1328134451,,,,
6138132568,,,,
7328100561,,,,
5918700223,,,,
5438700264,,,,
1258106210,,,,
1288691517,,,,
3078129080,,,,
3128107230,,,,
6088531003,,,,
1398105748,,,,
2148712576,,,,
3018537839,,,,
4948800673,,,,
4638701012,,,,
3048502552,,,,
7348500437,,,,
1258146245,,,,
2298127797,,,,
1268501875,,,,
1338122133,,,,
1358102695,,,,
3548701057,,,,
5158147146,,,,
1258141008,,,,
1428145237,,,,
1098153365,,,,
2138100449,,,,
6088104395,,,,
6088164597,,,,
6088109916,,,,
1678100466,,,,
3068200471,,,,
2068161147,,,,
1378108322,,,,
3038120414,,,,
2558601618,,,,
2128166109,,,,
3148653870,,,,
5028155602,,,,
2038125972,,,,
2338105055,,,,
1348601984,,,,
1278107762,,,,
3038132171,,,,
3598500189,,,,
3848501132,,,,
4038503727,,,,
1258154691,,,,
2148110130,,,,
8168600729,,,,
4018110452,,,,
1358131661,,,,
2208105078,,,,
1358106162,,,,
1258149223,,,,
1368117997,,,,
1388156604,,,,
3228500547,,,,
1318106200,,,,
1318504457,,,,
5068138513,,,,
1338122113,,,,
2208113641,,,,
1188115012,,,,
1278112533,,,,
1028137194,,,,
1288162583,,,,
1378173240,,,,
1288144246,,,,
1438104791,,,,
1268102949,,,,
2078700053,,,,
1268146888,,,,
5158127835,,,,
4088125446,,,,
2228129834,,,,
1278628888,,,,
2118163282,,,,
2118518882,,,,
5578100067,,,,
3488600056,,,,
1108149202,,,,
8688501227,,,,
1248100979,,,,
2148107770,,,,
8418701153,,,,
1248719562,,,,
5128108751,,,,
4088192800,,,,
8618500533,,,,
1028131147,,,,
2048621353,,,,
6158145657,,,,
2588800058,,,,
4118141893,,,,
1268138845,,,,
1378146966,,,,
1248177032,,,,
7538801926,,,,
7708500237,,,,
3178118616,,,,
2618128112,,,,
3148665304,,,,
1268184688,,,,
7668701997,,,,
1368126986,,,,
1248182103,,,,
6388700242,,,,
